route_id,stop_point_id,stop_point_index
r10178669,n6899034710,1
r10178669,n6899034709,2
r10178669,n6899034708,3
r10178669,n6899034707,4
r10178669,n6899034706,5
r10178669,n6899034705,6
r10178996,n6899053349,1
r10178996,n6899053348,2
r10178996,n6899053347,3
r10178996,n6899053346,4
r10178996,n6899053345,5
r10179433,n6899264973,1
r10179433,n6899264972,2
r10179433,n6899264971,3
r10179433,n6899264970,4
r10179434,n6899241577,1
r10179434,n6899241573,2
r10183939,n6902639012,1
r10183939,n6902639011,2
r10183939,n6902639010,3
r10183939,n6902638994,4
r10183939,n6902639009,5
r10183939,n6902639008,6
r10183939,n6902639007,7
r10183939,n6902639006,8
r10183939,n6902639005,9
r10183939,n6902638993,10
r10183939,n6902639004,11
r10183939,n6902639003,12
r10183939,n6902639002,13
r10183939,n6902639001,14
r10183939,n6902639000,15
r10183939,n6902638999,16
r10183939,n6902638998,17
r10183939,n6902638997,18
r10183939,n6902638992,19
r10183939,n6902638991,20
r10183939,n6902638990,21
r10183939,n6902638996,22
r10183939,n6902638989,23
r10183939,n6902638988,24
r10183939,n6902638995,25
r10184124,n6902868245,1
r10184124,n6902868224,2
r10184124,n6902868225,3
r10184124,n6902868226,4
r10184124,n6902868244,5
r10184124,n6902868227,6
r10184124,n6902868228,7
r10184124,n6902868229,8
r10184124,n6902868230,9
r10184124,n6902868231,10
r10184124,n6902868232,11
r10184124,n6902868233,12
r10184124,n6902868243,13
r10184124,n6902868234,14
r10184124,n6902868235,15
r10184124,n6902868236,16
r10184124,n6902868242,17
r10184124,n6902868241,18
r10184124,n6902868237,19
r10184124,n6902868240,20
r10184124,n6902868238,21
r10184124,n6902868239,22
r10184124,n6899264972,23
r10184124,n6899264971,24
r10184409,n6902975757,1
r10184409,n6902975756,2
r10184409,n6902975755,3
r10184409,n6902975754,4
r10184409,n6902975747,5
r10184409,n6902975753,6
r10184409,n6902975752,7
r10184409,n6902975751,8
r10184409,n6902975750,9
r10184409,n6902975749,10
r10184409,n6902975748,11
r10184729,n6903097505,1
r10184729,n6903097504,2
r10184729,n6903097503,3
r10184729,n6903084143,4
r10184729,n6903084142,5
r10184729,n6903084141,6
r10184729,n6903097502,7
r10184729,n6903097501,8
r10184729,n6903193217,9
r10184729,n6903193216,10
r10184729,n6903097494,11
r10184729,n6903097500,12
r10184729,n6903097499,13
r10184729,n6903097498,14
r10184729,n6903097497,15
r10184729,n6903097496,16
r10184729,n6903097495,17
r10184954,n6903370485,1
r10184954,n6903347584,2
r10184954,n6903347583,3
r10184954,n6903347582,4
r10184954,n6903347581,5
r10184954,n6903347580,6
r10184954,n6903347579,7
r10184954,n6903347578,8
r10184954,n6903347577,9
r10184954,n6903347576,10
r10184954,n6903347575,11
r10184954,n6903347574,12
r10184962,n6903268822,1
r10184962,n6903296479,2
r10184962,n6903296477,3
r10184962,n6903374201,4
r10184962,n6903268821,5
r10184962,n6903296476,6
r10184962,n6903097496,7
r10184962,n6903268819,8
r10184963,n6903268820,1
r10184963,n6903374200,2
r10184963,n6903374202,3
r10184963,n6903296478,4
r10184963,n6903296482,5
r10184963,n6903296481,6
r10184963,n6903296480,7
r10185122,n6903397403,1
r10185122,n6903504062,2
r10185122,n6903504061,3
r10185122,n6903504059,4
r10185122,n6903406998,5
r10185122,n6903406997,6
r10185122,n6902638988,7
r10185122,n6903268819,8
r10185123,n6903268820,1
r10185123,n6903504058,2
r10185123,n6903504060,3
r10185123,n6903397407,4
r10185123,n6903397406,5
r10185123,n6903397405,6
r10185123,n6903397404,7
r10185123,n6903397403,8
r10185168,n6903347574,1
r10185168,n6903544090,2
r10185168,n6903544089,3
r10185168,n6903544088,4
r10185168,n6903544087,5
r10185168,n6903535584,6
r10185168,n6899264970,7
r10185168,n6903544086,8
r10185402,n6903639376,1
r10185402,n6903639375,2
r10185402,n6903639374,3
r10185402,n6903639373,4
r10185402,n6903639372,5
r10185402,n6903639371,6
r10185402,n6903639370,7
r10185402,n6903639369,8
r10185402,n6903639368,9
r10185402,n6903639367,10
r10185402,n6903639366,11
r10185404,n6903525066,1
r10185404,n6903602207,2
r10185404,n6903602208,3
r10185404,n6903602209,4
r10185404,n6903525065,5
r10185404,n6903602210,6
r10185404,n6903525064,7
r10185404,n6903525063,8
r10185404,n6903525062,9
r10185404,n6903602211,10
r10185404,n6903525055,11
r10185404,n6903525061,12
r10185404,n6903525060,13
r10185404,n6903525059,14
r10185404,n6903602212,15
r10185405,n6903602224,1
r10185405,n6903602223,2
r10185405,n6903525058,3
r10185405,n6903602222,4
r10185405,n6903525057,5
r10185405,n6903525056,6
r10185405,n6903525054,7
r10185405,n6903602221,8
r10185405,n8866958390,9
r10185405,n6903525053,10
r10185405,n6903525052,11
r10185405,n6903602219,12
r10185405,n6903602218,13
r10185405,n6903525051,14
r10185405,n6903602217,15
r10185405,n6903602216,16
r10185405,n6903602215,17
r10185405,n6903602214,18
r10185405,n6903602213,19
r10186002,n7056198868,1
r10186002,n6903968407,2
r10186002,n6903968408,3
r10186002,n6903544089,4
r10186002,n6903544088,5
r10186002,n6903544087,6
r10186002,n6903535584,7
r10186002,n6899264970,8
r10186002,n6903544086,9
r10402402,n7051810984,1
r10402402,n7051810982,2
r10402402,n7051810979,3
r10402402,n7051810981,4
r10402403,n7051811090,1
r10402403,n7051811088,2
r10402403,n7051811087,3
r10402403,n7051811086,4
r10402516,n7051905154,1
r10402516,n7051905153,2
r10402516,n7051905152,3
r10402516,n7051905151,4
r10402516,n7051810979,5
r10402516,n7051905150,6
r10402516,n7051905149,7
r10402516,n7051905148,8
r10402516,n7051905147,9
r10402516,n7051905145,10
r10402517,n7051905163,1
r10402517,n7051905162,2
r10402517,n7051905161,3
r10402517,n7051905160,4
r10402517,n7051905155,5
r10402517,n7051905157,6
r10402747,n7052162369,1
r10402747,n7052162367,2
r10402747,n7052162366,3
r10402747,n7052162364,4
r10402747,n7052162363,5
r10402747,n7052162362,6
r10402747,n7052162361,7
r10402747,n7052162358,8
r10402747,n7051810979,9
r10402747,n7052162360,10
r10402747,n7052162359,11
r10402747,n7051905148,12
r10402748,n7052162375,1
r10402748,n7052162373,2
r10402748,n7052162372,3
r10402748,n7052162371,4
r10402748,n7052162370,5
r10403053,n7052340405,1
r10403053,n7052340403,2
r10403053,n6903544089,3
r10403053,n7052340402,4
r10403053,n6903544088,5
r10403053,n6903535584,6
r10403053,n7052340401,7
r10403053,n7051905146,8
r10403053,n7052340404,9
r10403054,n7052340415,1
r10403054,n7052340412,2
r10403054,n7052340411,3
r10403054,n7052340410,4
r10403054,n7052340409,5
r10403054,n7052340408,6
r10403054,n7052340407,7
r10403054,n7052340406,8
r10403059,n7052366509,1
r10403059,n7052366507,2
r10403059,n7052366506,3
r10403059,n7052366505,4
r10403059,n7052366504,5
r10403059,n7052366503,6
r10403059,n7052366502,7
r10403059,n7052366501,8
r10403059,n7052366500,9
r10403060,n7052366525,1
r10403060,n7052366523,2
r10403060,n7052366522,3
r10403060,n7052366521,4
r10403060,n7052366520,5
r10403060,n7052366519,6
r10403060,n7052366518,7
r10403060,n7052366517,8
r10403060,n7052366516,9
r10403060,n7052366515,10
r10403060,n7052366514,11
r10403060,n7052366513,12
r10403060,n7052366512,13
r10403060,n7052366511,14
r10403060,n7052366510,15
r10404236,n7052994964,1
r10404236,n7052994962,2
r10404236,n7052994961,3
r10404236,n7052340403,4
r10404236,n7052340402,5
r10404236,n6903544088,6
r10404236,n7051905146,7
r10404236,n7052994963,8
r10404237,n7052994973,1
r10404237,n7051811087,2
r10404237,n7052994971,3
r10404237,n7052994970,4
r10404237,n7052994969,5
r10404237,n7052994968,6
r10404237,n7052994967,7
r10404237,n7052994966,8
r10404237,n7052994965,9
r10404237,n7052994964,10
r10406127,n7054593066,1
r10406127,n7054593065,2
r10406127,n7054593063,3
r10406127,n7054593064,4
r10406127,n7054593062,5
r10406127,n7054593061,6
r10406127,n7054593060,7
r10406127,n7054593059,8
r10406127,n7054593058,9
r10406127,n7054593057,10
r10406127,n7054593056,11
r10406127,n7054593055,12
r10406127,n7054593054,13
r10406127,n7054593053,14
r10406127,n7054593052,15
r10406127,n7054593051,16
r10406127,n7054593050,17
r10406127,n7054593049,18
r10406128,n7054593081,1
r10406128,n7054593077,2
r10406128,n7054593076,3
r10406128,n7054593075,4
r10406128,n7054593074,5
r10406128,n7054593073,6
r10406128,n7054593072,7
r10406128,n7054593071,8
r10406128,n7054593070,9
r10406128,n7054593068,10
r10406385,n7054787080,1
r10406385,n7055147056,2
r10406385,n7054787079,3
r10406385,n7054787078,4
r10406385,n7055147055,5
r10406385,n7054787077,6
r10406385,n7054787076,7
r10406385,n7054787075,8
r10406385,n7054787074,9
r10406385,n7054787073,10
r10406385,n7055147054,11
r10406385,n7054787072,12
r10406385,n7054787071,13
r10406385,n7054787070,14
r10406385,n7054787069,15
r10406386,n7054787067,1
r10406386,n7054787065,2
r10406386,n7054787064,3
r10406386,n7054787063,4
r10406386,n7054787062,5
r10406386,n7054787061,6
r10406386,n7054787049,7
r10406386,n7054787060,8
r10406386,n7054787059,9
r10406386,n7054787058,10
r10406386,n7054787057,11
r10406386,n7054787056,12
r10406386,n7054787055,13
r10406386,n7054787054,14
r10406386,n7054787053,15
r10406386,n7054787052,16
r10406386,n7054787051,17
r10406386,n7054787050,18
r10406545,n7052366501,1
r10406545,n7054917919,2
r10406545,n7054787065,3
r10406545,n7054917918,4
r10406545,n7054917917,5
r10406545,n7054917916,6
r10406545,n7054917915,7
r10406545,n7054787059,8
r10406545,n7054787058,9
r10406545,n7054787057,10
r10406545,n7054787056,11
r10406545,n7054787055,12
r10406545,n7054787054,13
r10406545,n7054787053,14
r10406545,n7054787052,15
r10406545,n7054787051,16
r10406545,n7054787050,17
r10406545,n7054917914,18
r10406545,n7054917913,19
r10406545,n7054917912,20
r10406545,n7054917911,21
r10406545,n7054917910,22
r10406546,n7054917926,1
r10406546,n7054917925,2
r10406546,n7054917924,3
r10406546,n7054917923,4
r10406546,n7054917922,5
r10406546,n7054787074,6
r10406546,n7054787073,7
r10406546,n7052366503,8
r10406546,n7052366502,9
r10406546,n7052366501,10
r10406619,n7054999108,1
r10406619,n7054999106,2
r10406619,n7054999105,3
r10406619,n7054999104,4
r10406619,n7054999103,5
r10406620,n7054999100,1
r10406620,n7052340403,2
r10406620,n6903544088,3
r10406863,n7054787080,1
r10406863,n7055147056,2
r10406863,n7054787079,3
r10406863,n7054787078,4
r10406863,n7055147055,5
r10406863,n7054787077,6
r10406863,n7054917924,7
r10406863,n7054787076,8
r10406863,n7054917923,9
r10406863,n7054917922,10
r10406863,n7054787075,11
r10406863,n7054787074,12
r10406863,n7054787073,13
r10406863,n7055147054,14
r10406863,n7052366501,15
r10406864,n7052366501,1
r10406864,n7055147061,2
r10406864,n7054917919,3
r10406864,n7054787065,4
r10406864,n7055147060,5
r10406864,n7054917918,6
r10406864,n7054917917,7
r10406864,n7054917916,8
r10406864,n7055147059,9
r10406864,n7054787049,10
r10406864,n7054787060,11
r10406864,n7055147058,12
r10406864,n7054917915,13
r10406864,n7054787059,14
r10406864,n7054787057,15
r10406864,n7054787056,16
r10406864,n7054787055,17
r10406864,n7054787054,18
r10406864,n7054787053,19
r10406864,n7054787052,20
r10406864,n7054787051,21
r10406864,n7055147057,22
r10407727,n7055596720,1
r10407727,n7055596719,2
r10407727,n7055596718,3
r10407727,n7055596717,4
r10407727,n7055596716,5
r10407727,n7055596715,6
r10407727,n7055596714,7
r10407727,n7055596713,8
r10407727,n7055596712,9
r10407727,n7055596711,10
r10407727,n7055596710,11
r10407727,n7055596709,12
r10407727,n7055596707,13
r10407728,n7055596706,1
r10407728,n7055596705,2
r10407728,n7055596704,3
r10407728,n7052366506,4
r10407728,n7052366505,5
r10407728,n7055596703,6
r10407728,n7052366503,7
r10407728,n7055596701,8
r10407728,n7052366501,9
r10407728,n7052366500,10
r10407848,n7055717196,1
r10407848,n7078451681,2
r10407848,n7055717195,3
r10407848,n7082468471,4
r10407848,n7055717194,5
r10407848,n7085152208,6
r10407848,n7082468468,7
r10407848,n7085152207,8
r10407848,n7082468467,9
r10407848,n7055717193,10
r10407848,n7085152206,11
r10407848,n9229594147,12
r10407848,n9229594146,13
r10407848,n7055717192,14
r10407848,n7082468464,15
r10407848,n7082468463,16
r10407848,n7055717191,17
r10407848,n7076873476,18
r10407848,n7076873475,19
r10407848,n7055717190,20
r10407848,n7055717189,21
r10407848,n7055717188,22
r10407848,n7057928786,23
r10407848,n7055717187,24
r10407848,n7076873474,25
r10407848,n7055147054,26
r10407848,n9229594145,27
r10407848,n7052366503,28
r10407848,n7055596701,29
r10407848,n7052366501,30
r10407848,n7055147061,31
r10407849,n7055147061,1
r10407849,n7055717185,2
r10407849,n9229594150,3
r10407849,n9229594149,4
r10407849,n7055696184,5
r10407849,n9229594148,6
r10407849,n7055696183,7
r10407849,n7078451671,8
r10407849,n7084943053,9
r10407849,n7078451670,10
r10407849,n7084943052,11
r10407849,n7084943051,12
r10407849,n7055696182,13
r10407849,n7055696181,14
r10407849,n7055696180,15
r10407849,n7055696179,16
r10407849,n7902959149,17
r10407849,n7055696178,18
r10407849,n7085152209,19
r10407849,n7055696177,20
r10407849,n6909707224,21
r10407849,n7055696176,22
r10408667,n7056202797,1
r10408667,n7056202795,2
r10408667,n7056202794,3
r10408667,n7056202793,4
r10408667,n7056202792,5
r10408667,n6903968407,6
r10408667,n6903968408,7
r10408667,n7056202791,8
r10408667,n7056202790,9
r10408667,n7056202789,10
r10408668,n7056202800,1
r10408668,n7643846396,2
r10408668,n7056202787,3
r10408668,n7056143583,4
r10408668,n7056202786,5
r10408668,n7056202785,6
r10408668,n7056143584,7
r10408668,n7056202798,8
r10408692,n7056217831,1
r10408692,n7056202794,2
r10408692,n7056202793,3
r10408692,n7056202792,4
r10408692,n6903968407,5
r10408692,n7056217830,6
r10408693,n7056202800,1
r10408693,n7643846396,2
r10408693,n7056202787,3
r10408693,n7056143583,4
r10408693,n7056202786,5
r10408693,n7056217834,6
r10408693,n7056202785,7
r10408693,n7056217832,8
r10408725,n7056202800,1
r10408725,n6903639375,2
r10408725,n6903639374,3
r10408725,n6903639372,4
r10408725,n6903639371,5
r10408725,n6903639370,6
r10408725,n6903639369,7
r10408725,n7056198869,8
r10408725,n6903639368,9
r10408725,n6903639367,10
r10408725,n6903639366,11
r10408726,n7056198868,1
r10408726,n6903968407,2
r10408726,n6903968408,3
r10408726,n7056198867,4
r10408726,n7056202791,5
r10408726,n7056202790,6
r10408726,n7056202789,7
r10408769,n7056277274,1
r10408769,n7056277272,2
r10408770,n7056277277,1
r10408770,n7056277275,2
r10408834,n7056274251,1
r10408834,n7056274250,2
r10408834,n7054787061,3
r10408834,n7056274249,4
r10408835,n7056274256,1
r10408835,n7055147059,2
r10408835,n7056274255,3
r10408835,n7056274254,4
r10408835,n7056274253,5
r10409492,n7056562838,1
r10409492,n7056562837,2
r10409492,n7056562836,3
r10409492,n7056562835,4
r10409492,n7056562834,5
r10409492,n7056562833,6
r10409492,n7056562832,7
r10409492,n7054787071,8
r10409492,n7054787070,9
r10409492,n7054787069,10
r10409493,n7054787067,1
r10409493,n7056562845,2
r10409493,n6899241576,3
r10409493,n7056562844,4
r10409493,n6899241575,5
r10409493,n7056562843,6
r10409493,n7056562842,7
r10409493,n6899241574,8
r10409493,n7056562841,9
r10409493,n6903525066,10
r10409712,n7056730283,1
r10409712,n7056730282,2
r10409712,n7056730281,3
r10409712,n7056730280,4
r10409712,n7056730279,5
r10409712,n7054787075,6
r10409712,n7052366503,7
r10409712,n7052366502,8
r10409712,n7052366501,9
r10409713,n7055147061,1
r10409713,n7056730278,2
r10409713,n7056730277,3
r10409713,n7056730276,4
r10409713,n7056730275,5
r10409713,n7056730273,6
r10409713,n7056730272,7
r10409713,n7055696181,8
r10409713,n7055696180,9
r10409713,n7056730270,10
r10409713,n7055696176,11
r10409713,n7056730268,12
r10409713,n7056730267,13
r10409713,n7056730266,14
r10410752,n7057184307,1
r10410752,n7052162366,2
r10410752,n7052162365,3
r10410752,n7057184306,4
r10410752,n7057184305,5
r10410752,n7057184304,6
r10410752,n7057184303,7
r10410752,n7052162363,8
r10410752,n7057184302,9
r10410752,n7052162362,10
r10410752,n7057184301,11
r10410752,n7057184300,12
r10410752,n7057184299,13
r10410752,n7057184298,14
r10410752,n7051810982,15
r10410752,n7051905152,16
r10410752,n7051905151,17
r10410752,n7051810979,18
r10410752,n7057184297,19
r10410752,n7051810981,20
r10410753,n7057184320,1
r10410753,n7057184319,2
r10410753,n7057184318,3
r10410753,n7057184317,4
r10410753,n7057184316,5
r10410753,n7057184315,6
r10410753,n7057184314,7
r10410753,n7057184313,8
r10410753,n7057184312,9
r10410753,n7057184311,10
r10410753,n7057184310,11
r10410753,n7057184309,12
r10410753,n7057184308,13
r10411046,n7057276359,1
r10411046,n7079601694,2
r10411046,n7079601693,3
r10411046,n7079601692,4
r10411046,n7079601691,5
r10411046,n7055147054,6
r10411046,n7079601690,7
r10411046,n7054787072,8
r10411046,n7057276357,9
r10411046,n7057276360,10
r10412113,n7057276360,1
r10412113,n7057928797,2
r10412113,n7057928796,3
r10412113,n7054917917,4
r10412113,n7057928795,5
r10412113,n7054917916,6
r10412113,n7055147059,7
r10412113,n7057928794,8
r10412113,n7057928793,9
r10412113,n7057928792,10
r10412113,n7057928791,11
r10412113,n7057928790,12
r10412113,n7057928789,13
r10412113,n7057928788,14
r10412113,n7055717188,15
r10412113,n7057928786,16
r10412113,n7057928785,17
r10412113,n7057912884,18
r10412422,n7058023898,1
r10412422,n7058023895,2
r10412422,n7058023894,3
r10412423,n7058023898,1
r10412423,n7058023899,2
r10412423,n7058023900,3
r10412779,n7058050530,1
r10412779,n7058023894,2
r10412780,n7058050532,1
r10412780,n7058050530,2
r10413048,n7058185553,1
r10413048,n7058185552,2
r10413048,n7058185551,3
r10413048,n7058185550,4
r10413048,n7058185549,5
r10413049,n7058185559,1
r10413049,n7058185557,2
r10413049,n7058185556,3
r10413049,n7058185555,4
r10413049,n7058185554,5
r10413049,n7058185553,6
r10413160,n7058225063,1
r10413160,n6815808834,2
r10413160,n7058225062,3
r10413160,n7058225061,4
r10413160,n7058225060,5
r10413160,n7058225059,6
r10413160,n7058225058,7
r10413160,n7058185549,8
r10413161,n7058185559,1
r10413161,n7058225069,2
r10413161,n7058225068,3
r10413161,n7058225067,4
r10413161,n7058225066,5
r10413161,n7058225064,6
r10413251,n7058310540,1
r10413251,n7058310539,2
r10413252,n7058310543,1
r10413252,n7058310541,2
r10413684,n7058499895,1
r10413684,n7058225060,2
r10413684,n7058499894,3
r10413684,n7058499893,4
r10413684,n7058499892,5
r10413685,n7058499899,1
r10413685,n7058499898,2
r10413685,n7058499897,3
r10413685,n7058499896,4
r10416468,n1227889258,1
r10416468,n7079693847,2
r10416468,n5390465849,3
r10416469,n5390465849,1
r10416469,n7079693847,2
r10416469,n1227889258,3
r10416508,n7060277172,1
r10416508,n7060277171,2
r10416508,n7060277170,3
r10416509,n7060277175,1
r10416509,n7060277174,2
r10416509,n7060277173,3
r10416734,n7060486572,1
r10416734,n7060486571,2
r10416734,n7060486570,3
r10416734,n7060486569,4
r10416734,n7060486568,5
r10416734,n7060486567,6
r10416734,n7060486566,7
r10416735,n7060486576,1
r10416735,n7060277175,2
r10416735,n7060486574,3
r10416735,n7060486573,4
r10430125,n7066057003,1
r10430125,n7066057001,2
r10430125,n6903602218,3
r10430125,n6903602215,4
r10430125,n7066057000,5
r10430125,n7066056999,6
r10430126,n7066057012,1
r10430126,n7066057010,2
r10430126,n7066057009,3
r10430126,n7066057008,4
r10430126,n7066057007,5
r10430126,n7066057006,6
r10430126,n7066057005,7
r10430195,n7058185549,1
r10430195,n7066086755,2
r10430195,n7066086754,3
r10430195,n7066086753,4
r10430195,n7841011324,5
r10430195,n7066086752,6
r10430196,n7066086751,1
r10430196,n7066086749,2
r10430196,n7066086748,3
r10430196,n7066086747,4
r10430196,n7066086746,5
r10430196,n7058499892,6
r10430591,n7066239483,1
r10430591,n7066239481,2
r10430591,n7066239480,3
r10430591,n7058023894,4
r10430592,n7058023900,1
r10430592,n7066239484,2
r10430592,n7066277285,3
r10430625,n7066312418,1
r10430625,n7066312416,2
r10430625,n7066312415,3
r10430625,n7066312414,4
r10430625,n7066312413,5
r10430625,n7066312412,6
r10430625,n7066057003,7
r10430625,n7066312411,8
r10430625,n7066312409,9
r10430625,n7066312410,10
r10430625,n7066312408,11
r10430625,n7066312407,12
r10430625,n7066057001,13
r10430625,n6903602219,14
r10430625,n7066312406,15
r10430626,n7066312427,1
r10430626,n7066312426,2
r10430626,n7066312425,3
r10430626,n7066312424,4
r10430626,n7066312423,5
r10430626,n7066312422,6
r10430626,n7066312421,7
r10430626,n7066312420,8
r10431100,n7066654376,1
r10431100,n7066654375,2
r10431100,n7066654374,3
r10431100,n7066654373,4
r10431100,n7066654372,5
r10431100,n7058023894,6
r10431101,n7058023900,1
r10431101,n7066654379,2
r10431101,n7066654378,3
r10431101,n7066654377,4
r10442362,n7052366501,1
r10442362,n7055147061,2
r10442362,n7054787065,3
r10442362,n7071584255,4
r10442362,n7071584254,5
r10442362,n7054787062,6
r10442362,n7054787061,7
r10442362,n7071584253,8
r10442362,n7054787060,9
r10442362,n7055147058,10
r10442362,n7054917915,11
r10442362,n7054787059,12
r10442362,n7071584252,13
r10442362,n7054787057,14
r10442362,n7054787056,15
r10442362,n7054787055,16
r10442362,n7054787054,17
r10442362,n7054787053,18
r10442362,n7054787052,19
r10442362,n7054787051,20
r10442362,n7071584251,21
r10442362,n7055147057,22
r10442362,n7054917914,23
r10442362,n7071584250,24
r10442363,n7071584264,1
r10442363,n7054787078,2
r10442363,n7054787077,3
r10442363,n7071584263,4
r10442363,n7054917924,5
r10442363,n7071584262,6
r10442363,n7071584261,7
r10442363,n7071584260,8
r10442363,n7071584259,9
r10442363,n7056730279,10
r10442363,n7054917922,11
r10442363,n7071584258,12
r10442363,n7071584257,13
r10442363,n7054787075,14
r10442363,n7071584256,15
r10442363,n7055147054,16
r10442363,n7052366503,17
r10442363,n7052366502,18
r10442363,n7055596701,19
r10442363,n7052366501,20
r10459358,n7076835394,1
r10459358,n7054917917,2
r10459358,n6910224910,3
r10459358,n7055147058,4
r10459358,n7054787058,5
r10459358,n7076835393,6
r10459358,n7054787055,7
r10459358,n7055147057,8
r10459358,n7076835392,9
r10459358,n7076835391,10
r10459358,n7076835390,11
r10459358,n7054917910,12
r10459359,n7054917910,1
r10459359,n7076835399,2
r10459359,n7076835398,3
r10459359,n7054787079,4
r10459359,n7054787078,5
r10459359,n7055147055,6
r10459359,n7071584263,7
r10459359,n7054917924,8
r10459359,n7071584261,9
r10459359,n7054917923,10
r10459359,n7076835397,11
r10459359,n7054787075,12
r10459359,n7054787072,13
r10459359,n7054787071,14
r10459359,n7076835395,15
r10459456,n7076873478,1
r10459456,n7076873477,2
r10459456,n7076873476,3
r10459456,n7076873475,4
r10459456,n7055717190,5
r10459456,n7057928786,6
r10459456,n7055717187,7
r10459456,n7076873474,8
r10459456,n7055147054,9
r10459456,n7052366503,10
r10459456,n7055596701,11
r10459456,n7076873473,12
r10459456,n7076942292,13
r10459457,n7076942292,1
r10459457,n7054787062,2
r10459457,n7076942291,3
r10459457,n7076942290,4
r10459457,n7076942289,5
r10459457,n7076942288,6
r10459457,n7076942287,7
r10459457,n7076873479,8
r10459457,n7076942286,9
r10459457,n7076942285,10
r10459457,n7076873484,11
r10459457,n7076873480,12
r10459457,n7076873481,13
r10459457,n7076873482,14
r10460515,n7077860796,1
r10460515,n7077860793,2
r10460515,n7077860792,3
r10460515,n7077860791,4
r10460515,n7077860790,5
r10460515,n6902975756,6
r10460515,n7077860789,7
r10460515,n7077860787,8
r10460516,n7077860800,1
r10460516,n7077860799,2
r10460516,n7077860798,3
r10460516,n7077860797,4
r10460655,n7077935887,1
r10460655,n7077935886,2
r10460655,n7077935885,3
r10460655,n6903397403,4
r10460655,n7077917684,5
r10460655,n7077917683,6
r10460655,n6903504059,7
r10460655,n6902638992,8
r10460655,n6902638990,9
r10460655,n6902638988,10
r10460656,n7077935897,1
r10460656,n7077935896,2
r10460656,n7077935895,3
r10460656,n7077935894,4
r10460656,n7077935893,5
r10460656,n7077935892,6
r10460656,n7077935891,7
r10460656,n7077935890,8
r10460656,n7077935889,9
r10460656,n7077935888,10
r10460966,n7078020134,1
r10460966,n7078020133,2
r10460966,n7078020132,3
r10460966,n7078020131,4
r10460966,n6903525058,5
r10460966,n6903525056,6
r10460966,n6903525054,7
r10460966,n6903525052,8
r10460966,n6903602214,9
r10460966,n6903602213,10
r10460967,n7078020146,1
r10460967,n7078020144,2
r10460967,n7078020143,3
r10460967,n7078020142,4
r10460967,n7078020135,5
r10461305,n7078209298,1
r10461305,n7078209297,2
r10461305,n7078209296,3
r10461305,n7077860792,4
r10461305,n7077860791,5
r10461306,n7078209306,1
r10461306,n7078209304,2
r10461306,n7078209303,3
r10461306,n7078209302,4
r10461306,n7078209301,5
r10461306,n7077860798,6
r10461306,n7078209300,7
r10461957,n7078451676,1
r10461957,n7078451675,2
r10461957,n7078451674,3
r10461957,n7078451673,4
r10461957,n7078451672,5
r10461957,n7078451671,6
r10461957,n7078451670,7
r10461957,n7078451669,8
r10461957,n7055696178,9
r10461957,n7055696176,10
r10461957,n7056730268,11
r10461957,n7056730266,12
r10461958,n7056730283,1
r10461958,n7078451681,2
r10461958,n7078451680,3
r10461958,n7078451679,4
r10461958,n7078451678,5
r10461958,n7054917922,6
r10461958,n7054787074,7
r10461958,n7071584256,8
r10461958,n7054787072,9
r10461958,n7054787071,10
r10461958,n7078209300,11
r10465033,n7079782626,1
r10465033,n7079693847,2
r10465033,n1227889258,3
r10465034,n1227889258,1
r10465034,n7079693847,2
r10465034,n7079782626,3
r10474250,n7078189937,1
r10474250,n6902638992,2
r10474250,n6902638991,3
r10474250,n7078189936,4
r10474250,n6902638989,5
r10474250,n6902638988,6
r10474250,n7082269144,7
r10474251,n7082269148,1
r10474251,n7082269147,2
r10474251,n7082269146,3
r10474493,n7082416539,1
r10474493,n7082416538,2
r10474493,n7055596705,3
r10474493,n7082416537,4
r10474493,n7082416536,5
r10474493,n7052366507,6
r10474493,n7052366505,7
r10474493,n7082416535,8
r10474493,n7082416534,9
r10474493,n7082416533,10
r10474493,n7052366503,11
r10474493,n7055596701,12
r10474493,n7076942292,13
r10474494,n7076942292,1
r10474494,n7078451675,2
r10474494,n7052366523,3
r10474494,n7082416543,4
r10474494,n7052366522,5
r10474494,n7052366519,6
r10474494,n7052366518,7
r10474494,n7082416542,8
r10474494,n7052366516,9
r10474494,n7052366515,10
r10474494,n7052366514,11
r10474494,n7052366513,12
r10474494,n7055596710,13
r10474494,n7082416541,14
r10474494,n7082416540,15
r10474494,n7052366510,16
r10474745,n7055717195,1
r10474745,n7082468471,2
r10474745,n7082468470,3
r10474745,n7055717194,4
r10474745,n7082468468,5
r10474745,n7082468467,6
r10474745,n7055717193,7
r10474745,n7082468466,8
r10474745,n7082468465,9
r10474745,n7082468464,10
r10474745,n7082468463,11
r10474745,n7055717191,12
r10474745,n7055717190,13
r10474745,n7055717189,14
r10474745,n7055717188,15
r10474745,n7055717187,16
r10474745,n7079601693,17
r10474745,n7082468462,18
r10474745,n7082468461,19
r10474745,n7079601690,20
r10474745,n7052366503,21
r10474745,n7052366502,22
r10474745,n7055596701,23
r10474745,n7052366501,24
r10474745,n7076942292,25
r10474746,n7076942292,1
r10474746,n7076942291,2
r10474746,n7082486689,3
r10474746,n7082486690,4
r10474746,n7076942289,5
r10474746,n7082486688,6
r10474746,n7082486687,7
r10474746,n7076942288,8
r10474746,n7076942287,9
r10474746,n7076942286,10
r10474746,n7082486686,11
r10474746,n7082486685,12
r10474746,n7082468484,13
r10474746,n7082468483,14
r10474746,n7082468482,15
r10474746,n7082468481,16
r10474746,n7082468480,17
r10474746,n7082468479,18
r10474746,n7082468478,19
r10474746,n7082468477,20
r10474746,n7082468476,21
r10474746,n7082468475,22
r10474746,n7082468474,23
r10474746,n7082468472,24
r10476003,n7052994964,1
r10476003,n7083105179,2
r10476003,n7083105178,3
r10476003,n6903544088,4
r10476003,n7083105177,5
r10476004,n7052994973,1
r10476004,n7083115489,2
r10476004,n7083115488,3
r10476004,n7083115487,4
r10476004,n7052162373,5
r10476004,n7083115486,6
r10476004,n7083115485,7
r10476004,n7083105184,8
r10476004,n7083105183,9
r10476004,n7083105182,10
r10476004,n7083105181,11
r10476004,n7083105180,12
r10476004,n7052994968,13
r10476004,n7052994967,14
r10476004,n7052994966,15
r10476004,n7052994964,16
r10476176,n7083153382,1
r10476176,n7083153381,2
r10476176,n7083153380,3
r10476176,n7083153379,4
r10476176,n7052162365,5
r10476176,n7083153378,6
r10476176,n7057184305,7
r10476176,n7052162362,8
r10476176,n7057184301,9
r10476176,n7083153377,10
r10476176,n7083153376,11
r10476176,n7083153375,12
r10476176,n7083153374,13
r10476176,n7057184299,14
r10476176,n7052340403,15
r10476176,n6903544089,16
r10476176,n7083153373,17
r10476176,n7083153372,18
r10476177,n7083191191,1
r10476177,n7051811088,2
r10476177,n7051811087,3
r10476177,n7083115489,4
r10476177,n7057184319,5
r10476177,n7083191190,6
r10476177,n7083191189,7
r10476177,n7052162373,8
r10476177,n7057184316,9
r10476177,n7057184315,10
r10476177,n7057184314,11
r10476177,n7083191188,12
r10476177,n7057184312,13
r10476177,n7083191187,14
r10476177,n7057184311,15
r10476177,n7083191186,16
r10476177,n7057184310,17
r10476177,n7057184309,18
r10476177,n7083191185,19
r10476177,n7052162371,20
r10476177,n7083153384,21
r10476177,n7083153383,22
r10476296,n7083218802,1
r10476296,n7083218801,2
r10476296,n7083218800,3
r10476296,n7083218799,4
r10476296,n7083218798,5
r10476296,n7083218797,6
r10476296,n7083218796,7
r10476296,n7083218795,8
r10476296,n7083218794,9
r10476296,n7083218793,10
r10476296,n7083218792,11
r10476296,n7083218791,12
r10476296,n7083218790,13
r10476296,n7083218789,14
r10476296,n7083218788,15
r10476297,n7083218817,1
r10476297,n7055596719,2
r10476297,n7083218815,3
r10476297,n7083218814,4
r10476297,n7083218813,5
r10476297,n7083218812,6
r10476297,n7083218811,7
r10476297,n7083218810,8
r10476297,n7055596716,9
r10476297,n7055596715,10
r10476297,n7055596714,11
r10476297,n7083218809,12
r10476297,n7083218808,13
r10476297,n7083218807,14
r10476297,n7083218806,15
r10476297,n7083218805,16
r10480215,n7055596706,1
r10480215,n7084919710,2
r10480215,n7084919709,3
r10480215,n7083218800,4
r10480215,n7083218799,5
r10480215,n7084919708,6
r10480215,n7083218796,7
r10480215,n7083218793,8
r10480215,n7083218792,9
r10480215,n7083218790,10
r10480215,n7084919707,11
r10480216,n7084919715,1
r10480216,n7055596719,2
r10480216,n7084919714,3
r10480216,n7055596718,4
r10480216,n7083218814,5
r10480216,n7055596717,6
r10480216,n7083218811,7
r10480216,n7083218810,8
r10480216,n7055596716,9
r10480216,n7055596715,10
r10480216,n7084919713,11
r10480216,n7055596714,12
r10480216,n7083218809,13
r10480216,n7084919712,14
r10480216,n7055596712,15
r10480216,n7055596711,16
r10480216,n7052366512,17
r10480216,n7052366511,18
r10480216,n7084919711,19
r10480216,n7055596709,20
r10480216,n7055596707,21
r10480358,n7076942292,1
r10480358,n7054787062,2
r10480358,n7056274250,3
r10480358,n7055147058,4
r10480358,n7054917915,5
r10480358,n7054787058,6
r10480358,n7054787057,7
r10480358,n7084943056,8
r10480358,n7084943055,9
r10480358,n7084943054,10
r10480358,n7078451672,11
r10480358,n7084943053,12
r10480358,n7078451670,13
r10480358,n7084943052,14
r10480358,n7084943051,15
r10480358,n7084943050,16
r10480358,n7084943049,17
r10480358,n7084943048,18
r10480358,n7084943047,19
r10480358,n7084943045,20
r10480359,n7084943045,1
r10480359,n7084943044,2
r10480359,n7084943043,3
r10480359,n7084943042,4
r10480359,n7084943041,5
r10480359,n7054787079,6
r10480359,n7054917924,7
r10480359,n7054787076,8
r10480359,n7054917923,9
r10480359,n7054787075,10
r10480359,n7052366501,11
r10480359,n7083153372,12
r10480444,n7055717196,1
r10480444,n7055717195,2
r10480444,n7082468471,3
r10480444,n7055717194,4
r10480444,n7085152208,5
r10480444,n6909812233,6
r10480444,n7082468468,7
r10480444,n7085152207,8
r10480444,n7085152206,9
r10480444,n7082468466,10
r10480444,n7082468465,11
r10480444,n7085152205,12
r10480444,n7055717191,13
r10480444,n7076873476,14
r10480444,n7055717190,15
r10480444,n7055717189,16
r10480444,n7055717188,17
r10480444,n7055717187,18
r10480444,n7076873474,19
r10480444,n7079601693,20
r10480444,n7079601692,21
r10480444,n7082468461,22
r10480444,n7079601691,23
r10480444,n7055147054,24
r10480444,n7079601690,25
r10480444,n7052366503,26
r10480444,n7052366502,27
r10480444,n7052366501,28
r10480444,n7076942292,29
r10480445,n7076942292,1
r10480445,n7076942291,2
r10480445,n7082486689,3
r10480445,n7082486690,4
r10480445,n7076942289,5
r10480445,n7076942288,6
r10480445,n7076942286,7
r10480445,n7082486686,8
r10480445,n7085152210,9
r10480445,n7076942285,10
r10480445,n7082486685,11
r10480445,n7082468482,12
r10480445,n7082468481,13
r10480445,n7082468478,14
r10480445,n7082468476,15
r10480445,n7082468474,16
r10480445,n7082468472,17
r10480445,n7085152209,18
r10480445,n6909707224,19
r10480445,n7055696176,20
r10480459,n7076835395,1
r10480459,n7057928797,2
r10480459,n7054917917,3
r10480459,n7054917916,4
r10480459,n7054787049,5
r10480459,n7054787060,6
r10480459,n7055147058,7
r10480459,n7054917915,8
r10480459,n7054787058,9
r10480459,n7078451670,10
r10480459,n7078451669,11
r10480459,n6909707224,12
r10480459,n7055696176,13
r10480460,n7055717196,1
r10480460,n7078451681,2
r10480460,n7078451680,3
r10480460,n7056730281,4
r10480460,n7056730280,5
r10480460,n7054917924,6
r10480460,n7054917923,7
r10480460,n7054917922,8
r10480460,n7054787075,9
r10480460,n6909923471,10
r10480460,n7055147054,11
r10480460,n7079601690,12
r10480460,n7054787072,13
r10480460,n7077860797,14
r10480571,n7085040038,1
r10480571,n7085040036,2
r10480571,n7085040035,3
r10480571,n7085040034,4
r10480571,n7085040033,5
r10480571,n7085040032,6
r10480571,n7085040031,7
r10480571,n7085040030,8
r10480571,n7085040029,9
r10480571,n7085040028,10
r10480571,n7085040027,11
r10480572,n7085040049,1
r10480572,n7085040048,2
r10480572,n7085040047,3
r10480572,n7085040046,4
r10480572,n7085040045,5
r10480572,n7085040044,6
r10480572,n7085040043,7
r10480572,n7085040042,8
r10480572,n7085040041,9
r10480572,n7085040040,10
r10480572,n7085040037,11
r10480572,n7085040038,12
r10521451,n7098748077,1
r10521451,n7052162369,2
r10521451,n7052162366,3
r10521451,n7098748076,4
r10521451,n7057184306,5
r10521451,n7052162364,6
r10521451,n7098748075,7
r10521451,n7057184303,8
r10521451,n7057184302,9
r10521451,n7098748074,10
r10521451,n7057184301,11
r10521451,n7083153374,12
r10521451,n7098748073,13
r10521451,n7098748072,14
r10521451,n7057184299,15
r10521451,n7051810984,16
r10521451,n7052340403,17
r10521451,n6903544089,18
r10521451,n7052340402,19
r10521451,n7098748071,20
r10521451,n7098748070,21
r10521451,n7098748069,22
r10521451,n7098748068,23
r10521451,n7098748067,24
r10521452,n7083218788,1
r10521452,n7051811088,2
r10521452,n7098748084,3
r10521452,n6815808830,4
r10521452,n7083115488,5
r10521452,n7057184319,6
r10521452,n7098748083,7
r10521452,n7083191189,8
r10521452,n7052162373,9
r10521452,n7057184316,10
r10521452,n7057184314,11
r10521452,n7083191188,12
r10521452,n7098748082,13
r10521452,n7098748081,14
r10521452,n7057184311,15
r10521452,n7057184310,16
r10521452,n7098748080,17
r10521452,n7052162371,18
r10521452,n7098748079,19
r10521452,n7098748078,20
r10628610,n7160556546,1
r10628610,n7160556544,2
r10628610,n7160556543,3
r10628610,n7160556542,4
r10628610,n7160556541,5
r10628611,n7160556553,1
r10628611,n7160556551,2
r10628611,n7160556550,3
r10628611,n7160556549,4
r10628611,n7160556548,5
r10628611,n7160556547,6
r10628716,n7058499895,1
r10628716,n7160672813,2
r10628716,n7058185550,3
r10628716,n7160672812,4
r10628716,n7160672811,5
r10628716,n7160672810,6
r10628716,n7066086755,7
r10628716,n7160672809,8
r10628716,n7066086754,9
r10628716,n7066086753,10
r10628716,n7160672808,11
r10628717,n7160672818,1
r10628717,n7066086749,2
r10628717,n7066086748,3
r10628717,n7160672817,4
r10628717,n7160672816,5
r10628717,n7160738666,6
r10628717,n7160738665,7
r10628717,n7066086746,8
r10628717,n7160672815,9
r10628717,n7160672814,10
r10628717,n7058499897,11
r10628717,n7058499896,12
r10628855,n7058185550,1
r10628855,n7160672812,2
r10628855,n7160672811,3
r10628855,n7066086755,4
r10628855,n7160672809,5
r10628855,n7160738662,6
r10628855,n7066086754,7
r10628855,n7066086753,8
r10628855,n7160672808,9
r10628856,n7160672818,1
r10628856,n7066086748,2
r10628856,n7160672817,3
r10628856,n7066086747,4
r10628856,n7160738667,5
r10628856,n7160738666,6
r10628856,n7160738665,7
r10628856,n7066086746,8
r10628856,n7160738664,9
r10647545,n7167642501,1
r10647545,n7167642500,2
r10647545,n7167642497,3
r10647545,n7167642498,4
r10647545,n7167642499,5
r10647545,n7167642509,6
r10647546,n7167642509,1
r10647546,n7167642508,2
r10647546,n7167642507,3
r10647546,n7167642506,4
r10647546,n8863568319,5
r10647546,n7167642504,6
r10647546,n7167642503,7
r10647546,n7167642502,8
r10647594,n7167707752,1
r10647594,n7167707751,2
r10647594,n7167642498,3
r10647594,n7167642499,4
r10647594,n7167642509,5
r10647595,n7167707755,1
r10647595,n7167642508,2
r10647595,n7167642507,3
r10647595,n7167642506,4
r10647595,n7167707754,5
r10647595,n7167707753,6
r10647735,n7167781668,1
r10647735,n7054593072,2
r10647735,n7167781667,3
r10647735,n7054593071,4
r10647735,n7054593070,5
r10647735,n7167781666,6
r10647735,n7054593069,7
r10647735,n7054593068,8
r10647735,n7167781676,9
r10647736,n7167781676,1
r10647736,n7167781675,2
r10647736,n7167781674,3
r10647736,n7167781673,4
r10647736,n7167781672,5
r10647736,n7054593065,6
r10647736,n7054593063,7
r10647736,n7054593064,8
r10647736,n7167781671,9
r10647736,n7054593062,10
r10647736,n7167781670,11
r10647736,n7167781669,12
r10651883,n7170470249,1
r10651883,n7170470247,2
r10651883,n7170470246,3
r10651883,n7170470245,4
r10651884,n7170470260,1
r10651884,n7170470252,2
r10651884,n7170470251,3
r10651884,n7170470250,4
r10651974,n7170486853,1
r10651974,n7170486852,2
r10651974,n7170486851,3
r10651974,n7170486850,4
r10651974,n7170486849,5
r10651975,n7170486858,1
r10651975,n7170486856,2
r10651975,n6938343085,3
r10651975,n7066057006,4
r10651975,n7170486854,5
r10651975,n7066057005,6
r10653424,n7171335591,1
r10653424,n7171335590,2
r10653424,n7171335589,3
r10653424,n7171335588,4
r10653424,n7171335587,5
r10653424,n7171335586,6
r10653424,n7171335585,7
r10653424,n6902638988,8
r10653425,n7077935897,1
r10653425,n7171335595,2
r10653425,n7171335594,3
r10653425,n7171335593,4
r10653560,n7171384785,1
r10653560,n7171370584,2
r10653560,n7171370583,3
r10653560,n7171370582,4
r10653560,n7171370581,5
r10653560,n8866958391,6
r10653560,n7066057012,7
r10653561,n7171384789,1
r10653561,n7171384788,2
r10653561,n7171384787,3
r10653561,n7171384786,4
r10653806,n7078189937,1
r10653806,n6902638988,2
r10653806,n7171428177,3
r10653806,n7171428176,4
r10653807,n7171428180,1
r10653807,n7171428179,2
r10653982,n7058499899,1
r10653982,n7171567239,2
r10653982,n7171567238,3
r10653982,n7171567237,4
r10653982,n7171567236,5
r10653982,n7171567235,6
r10653982,n7171567234,7
r10653983,n7171567240,1
r10653983,n6815808834,2
r10653983,n7058185549,3
r10669274,n7183549117,1
r10669274,n7183549116,2
r10669274,n7183549115,3
r10669274,n7183549114,4
r10669275,n7060277177,1
r10669275,n7183549121,2
r10669275,n7183549120,3
r10669275,n7183549119,4
r10669275,n7171567240,5
r10669275,n7058225062,6
r10670068,n7184140910,1
r10670068,n7184140909,2
r10670068,n7167707751,3
r10670068,n7167642498,4
r10670068,n7184140917,5
r10670069,n7184140917,1
r10670069,n7167642508,2
r10670069,n7167642507,3
r10670069,n7184140915,4
r10670069,n7184140914,5
r10670069,n7184140913,6
r10670069,n7184140912,7
r10670069,n7184140911,8
r10670069,n7184140910,9
r10670149,n7184205213,1
r10670149,n7184205212,2
r10670149,n7184205211,3
r10670149,n7184205210,4
r10670149,n7184205209,5
r10670149,n7184205208,6
r10670150,n7184205220,1
r10670150,n7184205218,2
r10670150,n7184205217,3
r10670150,n7184205216,4
r10670150,n7184205215,5
r10670150,n7184205214,6
r10672694,n7187396851,1
r10672694,n7187396850,2
r10672694,n7187396849,3
r10672694,n7187396848,4
r10672694,n7187396847,5
r10672694,n7187396845,6
r10672695,n7187396856,1
r10672695,n7187396854,2
r10672695,n7187396853,3
r10672695,n7187396852,4
r10672695,n7187396851,5
r10676980,n7190927833,1
r10676980,n7190927832,2
r10676980,n7190927831,3
r10676980,n7190927830,4
r10676980,n7190927829,5
r10676981,n7190927838,1
r10676981,n7190927837,2
r10676981,n7190927836,3
r10676981,n7190927835,4
r10676981,n7190927834,5
r10677070,n7190993879,1
r10677070,n7190993877,2
r10677070,n7190993876,3
r10677070,n7190993875,4
r10677070,n7190993874,5
r10677071,n7190993884,1
r10677071,n7190993883,2
r10677071,n7190993882,3
r10677071,n7190993881,4
r10677071,n7190993880,5
r10677133,n7191121581,1
r10677133,n7191121580,2
r10677133,n7191121579,3
r10677133,n7191121578,4
r10677134,n7187396856,1
r10677134,n7187396854,2
r10677134,n7191135686,3
r10677134,n7187396853,4
r10677134,n7191135685,5
r10677134,n7191121584,6
r10677134,n7191121583,7
r10677134,n7191121582,8
r10677514,n7191232917,1
r10677514,n7191232915,2
r10677514,n7191232914,3
r10677514,n7191232913,4
r10677514,n7191232912,5
r10677514,n7191232911,6
r10677515,n7191232920,1
r10677515,n7191232919,2
r10677515,n7191232918,3
r10677515,n7191232917,4
r10677689,n7191438555,1
r10677689,n7191438554,2
r10677689,n7191438553,3
r10677689,n7190993875,4
r10677689,n7190993874,5
r10677690,n7190993884,1
r10677690,n7190993882,2
r10677690,n7191438558,3
r10677690,n7191438557,4
r11527160,n7191232917,1
r11527160,n7833549603,2
r11527161,n7833549607,1
r11527161,n7833549604,2
r11527425,n7833694093,1
r11527425,n7833694092,2
r11527426,n7833549607,1
r11527426,n7833694097,2
r11527426,n7833694096,3
r11527426,n7833694095,4
r11529095,n7834718787,1
r11529095,n7834718785,2
r11529096,n7834704383,1
r11529096,n7834704384,2
r11529223,n7833694095,1
r11529223,n7190993874,2
r11529224,n7190993884,1
r11529224,n7834785518,2
r11529224,n7833694095,3
r11529403,n7834816425,1
r11529403,n7834816424,2
r11529404,n7833694093,1
r11529404,n7834816426,2
r11529697,n7052994964,1
r11529697,n7834873583,2
r11529698,n7834978086,1
r11529698,n7834873584,2
r11531743,n7835761637,1
r11531743,n7835761636,2
r11531743,n7835761635,3
r11531743,n7834873583,4
r11531744,n7834978086,1
r11531744,n7835761642,2
r11531744,n7835761638,3
r11531744,n7835761641,4
r11531744,n7835761640,5
r11531811,n7835784410,1
r11531811,n7834873583,2
r11531812,n7834978086,1
r11531812,n7835784412,2
r11531812,n7835761642,3
r11531812,n7052340407,4
r11531812,n7835784411,5
r11531969,n7835819029,1
r11531969,n7835819028,2
r11531969,n7835819027,3
r11531970,n7835819033,1
r11531970,n7835819032,2
r11531970,n7835819031,3
r11531970,n7835819030,4
r11532198,n7835899828,1
r11532198,n7835899827,2
r11532198,n7835899826,3
r11532198,n7060486567,4
r11532199,n7835899829,1
r11532199,n7835899830,2
r11532199,n7835899831,3
r11532199,n7835899832,4
r11532305,n7835947937,1
r11532305,n7835947935,2
r11532305,n7835947934,3
r11532305,n7835899828,4
r11532305,n7060486567,5
r11532306,n7835947939,1
r11532306,n7835947938,2
r11532306,n7835947937,3
r11532428,n7836077591,1
r11532428,n7836077590,2
r11532428,n7836077589,3
r11532428,n7836077588,4
r11532428,n7836077587,5
r11532428,n7836077586,6
r11532428,n7836077585,7
r11532429,n7836077593,1
r11532429,n7058225062,2
r11532429,n7836077592,3
r11532535,n7836121081,1
r11532535,n7836121079,2
r11532535,n7836121078,3
r11532536,n7160556546,1
r11532536,n7836121077,2
r11532536,n7836121076,3
r11532536,n7836121075,4
r11532536,n7836121074,5
r11535714,n7837854401,1
r11535714,n7837854399,2
r11535714,n7054593054,3
r11535714,n7054593052,4
r11535714,n7054593051,5
r11535714,n7056277277,6
r11535714,n7837854398,7
r11535714,n7837854397,8
r11535715,n7837854396,1
r11535715,n7056277272,2
r11535715,n7054593077,3
r11535715,n7837854395,4
r11538369,n7839982486,1
r11538369,n7839982686,2
r11538369,n7839982785,3
r11538369,n7839982685,4
r11538370,n7839982885,1
r11538370,n7839982587,2
r11538370,n7839982786,3
r11538537,n7839982786,1
r11538537,n7840094085,2
r11538538,n7840094286,1
r11538538,n7840094285,2
r11538538,n7840094185,3
r11538774,n7840247685,1
r11538774,n7840247786,2
r11538774,n7839982885,3
r11538774,n7840247785,4
r11539468,n7840697490,1
r11539468,n7840676797,2
r11539468,n7840697489,3
r11539468,n7840094085,4
r11539469,n7840690991,1
r11539469,n7840676799,2
r11539469,n7839982587,3
r11539469,n7840690990,4
r11539469,n7840676798,5
r11539469,n7840247685,6
r11539582,n7840790285,1
r11539582,n7840790185,2
r11539583,n7840790286,1
r11539583,n7840790387,2
r11539649,n7834978086,1
r11539649,n7840850688,2
r11539649,n7840850687,3
r11539649,n7840862585,4
r11539650,n7840850689,1
r11539650,n7840862887,2
r11539785,n7841011319,1
r11539785,n7841011318,2
r11539785,n7841011317,3
r11539785,n7841011316,4
r11539786,n7841011324,1
r11539786,n7841011323,2
r11539786,n7841011322,3
r11539786,n7841011321,4
r11539786,n7841011320,5
r11543109,n7842766286,1
r11543109,n7842766285,2
r11543110,n7841011319,1
r11543110,n7842767186,2
r11543110,n7842767185,3
r11543110,n7842766486,4
r11543110,n7842766585,5
r11543110,n7842766287,6
r11543110,n7842767187,7
r11543161,n7842852287,1
r11543161,n7842852485,2
r11543161,n7842852286,3
r11543161,n7841011324,4
r11543161,n7066086752,5
r11543161,n7842766285,6
r11543162,n7841011319,1
r11543162,n7066086748,2
r11543217,n7842905585,1
r11543217,n7842905485,2
r11543217,n7841011320,3
r11543218,n7841011319,1
r11543218,n7842905486,2
r11543218,n7842905586,3
r11543218,n7842905685,4
r11543565,n7843272285,1
r11543565,n7843256286,2
r11543565,n7843272185,3
r11543565,n7160556546,4
r11543565,n7840850689,5
r11543566,n7843272486,1
r11543566,n7843272685,2
r11543566,n7843264988,3
r11543566,n7843264787,4
r11543883,n7835761637,1
r11543883,n7843525386,2
r11543883,n7835761636,3
r11543883,n7843525385,4
r11543883,n7843525285,5
r11543883,n7834978086,6
r11543883,n7843524986,7
r11543883,n7843524985,8
r11543884,n7840850689,1
r11543884,n7843525886,2
r11543884,n7843525885,3
r11543884,n7835784411,4
r11543884,n7843525286,5
r11543884,n7843525585,6
r11544385,n7843928085,1
r11544385,n7843927986,2
r11544385,n7843927985,3
r11544386,n7843927987,1
r11544386,n7843928385,2
r11544386,n7843928285,3
r11544386,n7843928086,4
r11544386,n7843928185,5
r11544468,n7844053286,1
r11544468,n7844053285,2
r11544468,n7843927987,3
r11544469,n7843927987,1
r11544469,n7844053385,2
r11544469,n7844054485,3
r11548460,n7847553385,1
r11548460,n7847553386,2
r11548461,n7847553387,1
r11548461,n7847553585,2
r11548461,n7847553485,3
r11555783,n7855287160,1
r11555783,n7855287159,2
r11555783,n7855287158,3
r11555783,n7855287157,4
r11555783,n7855287156,5
r11555783,n7855287155,6
r11555784,n7855287166,1
r11555784,n7855287161,2
r11555784,n7855287162,3
r11555784,n7855287164,4
r11555926,n7855330730,1
r11555926,n7855330728,2
r11555926,n7855330729,3
r11555926,n7855287155,4
r11555927,n7855287166,1
r11555927,n7855330735,2
r11555927,n7855330734,3
r11555927,n7855330733,4
r11555927,n7855330732,5
r11569013,n7840697490,1
r11569013,n7839982785,2
r11569013,n7840676797,3
r11569013,n7839982685,4
r11569013,n7840697489,5
r11569328,n7866306485,1
r11569328,n7066312420,2
r11569328,n7866306285,3
r11569329,n7866306685,1
r11569329,n7866306386,2
r11569329,n7866306286,3
r11569442,n7855287160,1
r11569442,n7866467386,2
r11569442,n7866467385,3
r11569442,n7843927987,4
r11569443,n7866467486,1
r11569443,n7866467585,2
r11569443,n7866467485,3
r11572893,n7869419886,1
r11572893,n7869420085,2
r11572893,n7869419985,3
r11572893,n7056274249,4
r11572894,n7869420186,1
r11572894,n7869420285,2
r11572894,n7869420086,3
r11572894,n7083218796,4
r11572894,n7083218794,5
r11573878,n7869930987,1
r11573878,n7869930986,2
r11573878,n7869930487,3
r11573878,n7869930985,4
r11573878,n7869930486,5
r11578620,n7873450886,1
r11578620,n7082416538,2
r11578620,n7873450885,3
r11578620,n7055596704,4
r11578620,n7873450785,5
r11578620,n7873450686,6
r11578621,n7873450985,1
r11578621,n7873450786,2
r11578621,n7873445787,3
r11580509,n7843928085,1
r11580509,n7875553958,2
r11580509,n7875553957,3
r11580509,n7875553956,4
r11580509,n7875553955,5
r11580510,n7875553960,1
r11580510,n7875553959,2
r11580510,n7843928185,3
r11580546,n7875553960,1
r11580546,n7875631032,2
r11580546,n7055596716,3
r11580546,n7055596715,4
r11580546,n7875631031,5
r11580547,n7875553958,1
r11580547,n7875631030,2
r11580547,n7875553957,3
r11580547,n7875631029,4
r11580547,n7875553955,5
r11581066,n7876023215,1
r11581066,n7876023214,2
r11581066,n7876023213,3
r11581066,n7876023212,4
r11581066,n7875631029,5
r11581066,n7875553956,6
r11581066,n7875553955,7
r11581067,n7875553960,1
r11581067,n7875631032,2
r11581067,n7875553959,3
r11581067,n7876023218,4
r11581067,n7876023217,5
r11581067,n7876023216,6
r11581114,n7843928085,1
r11581114,n7055596711,2
r11581114,n7876057937,3
r11581114,n7876057936,4
r11581115,n7876057941,1
r11581115,n7876057940,2
r11581115,n7083218807,3
r11581115,n7843928185,4
r11581527,n7876367206,1
r11581527,n7876367205,2
r11581527,n7876367204,3
r11581527,n7855287164,4
r11581528,n7855287160,1
r11581528,n7855287157,2
r11581528,n7876367210,3
r11581528,n7876367209,4
r11581528,n7876367208,5
r11581691,n7876448806,1
r11581691,n7876448805,2
r11581691,n7844053286,3
r11581691,n7876448804,4
r11581691,n7855287164,5
r11581692,n7855287160,1
r11581692,n7844054485,2
r11581692,n7876448808,3
r11581692,n7876448807,4
r11581770,n7876565394,1
r11581770,n7876565392,2
r11581770,n7876565393,3
r11581770,n7876565391,4
r11581771,n7058023900,1
r11581771,n7876565395,2
r11581771,n7876565394,3
r11581796,n7869419886,1
r11581796,n7876580885,2
r11581796,n7876580785,3
r11581797,n7876580788,1
r11581797,n7876580787,2
r11581797,n7876580786,3
r11581797,n7876580985,4
r11581820,n7876590802,1
r11581820,n7876565393,2
r11581820,n7876590801,3
r11581820,n7066239480,4
r11581820,n7058023894,5
r11581821,n7876590808,1
r11581821,n7876590807,2
r11581821,n7876590806,3
r11581821,n7876590805,4
r11581821,n7876590804,5
r11581840,n7876632887,1
r11581840,n7876632886,2
r11581840,n7876633085,3
r11581840,n7876632985,4
r11581840,n7876632885,5
r11581840,n7052366504,6
r11581840,n7876580785,7
r11581841,n7876580788,1
r11581841,n7055596703,2
r11581841,n7876580786,3
r11581841,n7876580885,4
r11581841,n7876633086,5
r11581841,n7876633185,6
r11581876,n7066239483,1
r11581876,n7876565393,2
r11581876,n7876590801,3
r11581876,n7876641853,4
r11581876,n7876565391,5
r11581877,n7876590808,1
r11581877,n7066654379,2
r11581877,n7876590807,3
r11581877,n7876590806,4
r11581877,n7876641855,5
r11581877,n7876590805,6
r11581877,n7876641854,7
r11581877,n7066239484,8
r11583590,n7876367206,1
r11583590,n7878317885,2
r11583590,n7878315786,3
r11583590,n7876367205,4
r11583590,n7878317586,5
r11583590,n7878317785,6
r11583590,n7876367204,7
r11583590,n7855287155,8
r11583591,n7855287166,1
r11583591,n7878290488,2
r11583591,n7876367210,3
r11583591,n7876367209,4
r11583591,n7878317585,5
r11583591,n7876367208,6
r11583652,n7855287160,1
r11583652,n7855287159,2
r11583652,n7878348885,3
r11583652,n7878348685,4
r11583652,n7876057937,5
r11583652,n7876057936,6
r11583653,n7876057941,1
r11583653,n7878348686,2
r11583653,n7055596709,3
r11583653,n7055596707,4
r11583653,n7855287164,5
r11583701,n7843928085,1
r11583701,n7878395385,2
r11583701,n7878384486,3
r11583701,n7844053286,4
r11583702,n7878395785,1
r11583702,n7878395586,2
r11583702,n7878395585,3
r11583702,n7843928085,4
r11583898,n7844053286,1
r11583898,n7878542186,2
r11583898,n7855287164,3
r11583899,n7855287160,1
r11583899,n7855287159,2
r11583899,n7878542187,3
r11583899,n7844054485,4
r11588594,n7855287166,1
r11588594,n7855330735,2
r11588594,n7855330734,3
r11588594,n7881213885,4
r11588594,n7881213785,5
r11588594,n7876057937,6
r11588594,n7876057936,7
r11588595,n7876057941,1
r11588595,n7881213886,2
r11588595,n7855330729,3
r11588595,n7855287155,4
r11588860,n7881343985,1
r11588860,n7875631029,2
r11588860,n7875553956,3
r11588860,n7881343885,4
r11588860,n7875553955,5
r11588861,n7875553960,1
r11588861,n7875631032,2
r11588861,n7881344086,3
r11588861,n7881343886,4
r11588963,n7881452686,1
r11588963,n7881452486,2
r11588963,n7881452485,3
r11588964,n7881452788,1
r11588964,n7881452787,2
r11588964,n7881452786,3
r11588964,n7881452487,4
r11589208,n7847553485,1
r11589208,n7881639186,2
r11589208,n7881639385,3
r11589208,n7881639285,4
r11589208,n7881639185,5
r11589208,n7876580788,6
r11589209,n7881639585,1
r11589209,n7881639187,2
r11589209,n7881639485,3
r11589209,n7078451675,4
r11589209,n7078451674,5
r11591908,n7884163084,1
r11591908,n7884163083,2
r11591908,n7884163082,3
r11591909,n7884215689,1
r11591909,n7884215688,2
r11591909,n7884215687,3
r11591909,n7884215686,4
r11591909,n7884163084,5
r11592005,n7884296059,1
r11592005,n7884296058,2
r11592005,n7884296057,3
r11592005,n7884296056,4
r11592005,n7884163083,5
r11592005,n7884296055,6
r11592005,n7884163082,7
r11592006,n7884215689,1
r11592006,n7884296062,2
r11592006,n7884296060,3
r11592006,n7884296061,4
r11592062,n7884343662,1
r11592062,n7884343661,2
r11592062,n7884343660,3
r11592063,n7884343665,1
r11592063,n7884343663,2
r11592119,n7058023900,1
r11592119,n7066654379,2
r11592119,n7058023899,3
r11592119,n7876590807,4
r11592119,n7876590806,5
r11592119,n7884348009,6
r11592119,n7876641855,7
r11592119,n7876590805,8
r11592120,n7876565393,1
r11592120,n7876590801,2
r11592120,n7066239480,3
r11592120,n7876641853,4
r11592120,n7066654372,5
r11592120,n7876565391,6
r11592210,n7054917917,1
r11592210,n7054917916,2
r11592210,n7055147059,3
r11592210,n7843927985,4
r11592210,n7057928794,5
r11592210,n7057928793,6
r11592210,n7057928792,7
r11592210,n7884438889,8
r11592210,n7884438888,9
r11592211,n7884438897,1
r11592211,n7884438895,2
r11592211,n7884438894,3
r11592211,n7884438893,4
r11592211,n7847553385,5
r11592211,n7884438892,6
r11592211,n7884438891,7
r11592211,n7884438890,8
r11592324,n7884491887,1
r11592324,n7884491886,2
r11592324,n7884492285,3
r11592324,n7884492185,4
r11592325,n7884492385,1
r11592325,n7869930986,2
r11592325,n7869930487,3
r11592325,n7869930985,4
r11592325,n7884492286,5
r11592383,n7847553386,1
r11592383,n7884545388,2
r11592384,n7884545388,1
r11592384,n7884545387,2
r11592384,n7866306386,3
r11592417,n7884552461,1
r11592417,n7884552460,2
r11592417,n7884545388,3
r11592418,n7884545388,1
r11592418,n7056274255,2
r11592418,n7884552462,3
r11592464,n7884616331,1
r11592464,n7884616330,2
r11592464,n7884616329,3
r11592464,n7881452485,4
r11592465,n7881452788,1
r11592465,n7884616335,2
r11592465,n7884616334,3
r11592465,n7884616333,4
r11592495,n7884632289,1
r11592495,n6903374200,2
r11592495,n6903374202,3
r11592495,n6903296478,4
r11592495,n6903296482,5
r11592495,n7884635588,6
r11592495,n6903296481,7
r11592495,n6903296480,8
r11592495,n7884635486,9
r11592496,n7884640186,1
r11592496,n6903268822,2
r11592496,n6903296479,3
r11592496,n6903296477,4
r11592496,n6903374201,5
r11592496,n6903268821,6
r11592496,n6903296476,7
r11592496,n7884635587,8
r11592496,n7884632289,9
r11592569,n7884683661,1
r11592569,n7884683659,2
r11592569,n7884683658,3
r11592569,n7869420285,4
r11592569,n7884683657,5
r11592569,n7884683656,6
r11592570,n7884683663,1
r11592570,n7884683662,2
r11592570,n7884683655,3
r11592764,n7884720085,1
r11592764,n7884719885,2
r11592764,n7884635587,3
r11592764,n7884719785,4
r11592765,n7884719686,1
r11592765,n7884720285,2
r11592765,n7884720185,3
r11592772,n7884683661,1
r11592772,n7884683658,2
r11592772,n7884688606,3
r11592772,n7884688605,4
r11592773,n7884688610,1
r11592773,n7869420085,2
r11592773,n7869419985,3
r11592773,n7884688607,4
r11592773,n7884683655,5
r11592838,n7884722637,1
r11592838,n7884722635,2
r11592839,n7884722634,1
r11592839,n7884722633,2
r11592839,n7884722631,3
r11592839,n7884722630,4
r11592839,n7884722632,5
r11592895,n7171384785,1
r11592895,n7884794185,2
r11592895,n7078209306,3
r11592895,n6903097498,4
r11592895,n6903097497,5
r11592895,n7884635587,6
r11592895,n7884632289,7
r11592896,n7884794285,1
r11592896,n7077860792,2
r11592896,n7077860791,3
r11592896,n7171384787,4
r11592896,n7171384786,5
r11592957,n6903296477,1
r11592957,n6903268821,2
r11592957,n6903296476,3
r11592957,n7884635587,4
r11592957,n7884632289,5
r11592958,n7884829885,1
r11592958,n6903374200,2
r11592958,n6903374202,3
r11592958,n6903296478,4
r11593181,n7885073685,1
r11593181,n7885028588,2
r11593181,n7885028587,3
r11593181,n7885028586,4
r11593181,n7885074885,5
r11593182,n7885074885,1
r11593182,n7078020142,2
r11593182,n7885028591,3
r11593182,n7885028590,4
r11593182,n7885028988,5
r11593182,n7885028987,6
r11593182,n7885028589,7
r11596430,n7887860477,1
r11596430,n7884616330,2
r11596430,n7884616329,3
r11596430,n7887860476,4
r11596430,n7881452486,5
r11596430,n7881452485,6
r11596431,n7881452788,1
r11596431,n7884616335,2
r11596431,n7884616334,3
r11596431,n7887860479,4
r11596431,n7887860478,5
r11596453,n7887876464,1
r11596453,n7887876463,2
r11596453,n7887876462,3
r11596453,n7869420086,4
r11596453,n7884688605,5
r11596454,n7884688610,1
r11596454,n7869420085,2
r11596454,n7869419985,3
r11596454,n7056730276,4
r11596454,n7843927986,5
r11596454,n7887876466,6
r11596582,n7844053286,1
r11596582,n7878542186,2
r11596582,n7082416538,3
r11596582,n7876448804,4
r11596582,n7878348885,5
r11596582,n7878348685,6
r11596582,n7876057937,7
r11596582,n7876057936,8
r11596583,n7876057941,1
r11596583,n7878348686,2
r11596583,n7082416541,3
r11596583,n7878542187,4
r11596583,n7878395785,5
r11596696,n7876448806,1
r11596696,n7876448805,2
r11596696,n7844053286,3
r11596696,n7873450885,4
r11596696,n7878348885,5
r11596696,n7876057936,6
r11596697,n7876057941,1
r11596697,n7878348686,2
r11596697,n7082416541,3
r11596697,n7844054485,4
r11596697,n7876448808,5
r11596697,n7876448807,6
r11596733,n7869419886,1
r11596733,n7083218814,2
r11596733,n7083218813,3
r11596733,n7055596717,4
r11596733,n7083218812,5
r11596733,n7083218811,6
r11596733,n7876580885,7
r11596733,n7876633085,8
r11596733,n7876632985,9
r11596734,n7888055021,1
r11596734,n7876580786,2
r11596734,n7083218798,3
r11596734,n7084919708,4
r11596734,n7083218797,5
r11596734,n7083218795,6
r11596734,n7876580985,7
r11596750,n7876632887,1
r11596750,n7876632886,2
r11596750,n7876633085,3
r11596750,n7876632985,4
r11596751,n7888055021,1
r11596751,n7876580786,2
r11596751,n7876633086,3
r11596751,n7876633185,4
r11596791,n7843928085,1
r11596791,n7888087745,2
r11596791,n7055596712,3
r11596791,n7055596711,4
r11596792,n7888087746,1
r11596792,n7843928385,2
r11596792,n7843928285,3
r11596792,n7843928086,4
r11596792,n7843928185,5
r11596830,n7876448806,1
r11596830,n7876448805,2
r11596830,n7888129900,3
r11596830,n7878395586,4
r11596830,n7878395585,5
r11596830,n7843928085,6
r11596831,n7843928085,1
r11596831,n7083218802,2
r11596831,n7083218801,3
r11596831,n7084919712,4
r11596831,n7055596712,5
r11596831,n7055596711,6
r11596831,n7052366512,7
r11596831,n7055596710,8
r11596831,n7082416541,9
r11596831,n7082416540,10
r11596831,n7878542187,11
r11596831,n7844054485,12
r11596831,n7876448808,13
r11596831,n7876448807,14
r11596843,n7888145085,1
r11596843,n7885028588,2
r11596843,n7888144987,3
r11596843,n7885028587,4
r11596843,n7888144986,5
r11596843,n7888144985,6
r11596843,n7885028586,7
r11596843,n7888144686,8
r11596843,n7888144786,9
r11596843,n7888144885,10
r11596843,n7888143686,11
r11596843,n7888143986,12
r11596844,n7888144989,1
r11596844,n7885028590,2
r11596844,n7888144689,3
r11596844,n7888144688,4
r11596844,n7885028987,5
r11596844,n7888145285,6
r11596844,n7888144687,7
r11596866,n7888148152,1
r11596866,n7052366523,2
r11596866,n7082416543,3
r11596866,n7876580787,4
r11596866,n7052366522,5
r11596866,n7052366521,6
r11596866,n7052366519,7
r11596866,n7052366518,8
r11596866,n7052366515,9
r11596866,n7052366514,10
r11596866,n7052366512,11
r11596866,n7082416541,12
r11596866,n7878542187,13
r11596866,n7052366510,14
r11596867,n7082416539,1
r11596867,n7873450885,2
r11596867,n7876057940,3
r11596867,n7876023215,4
r11596867,n7876023213,5
r11596867,n7873450785,6
r11596867,n7052366505,7
r11596867,n7055596703,8
r11596867,n7876632885,9
r11596867,n7052366504,10
r11596867,n6913857608,11
r11596888,n7876448806,1
r11596888,n7876448805,2
r11596888,n7888129900,3
r11596888,n7844053286,4
r11596889,n7878395785,1
r11596889,n7876448808,2
r11596889,n7876448807,3
r11597010,n7888218088,1
r11597010,n6903097499,2
r11597010,n6903097498,3
r11597010,n6903097497,4
r11597011,n7888224485,1
r11597011,n7077860792,2
r11597011,n7077860791,3
r11597011,n7888218686,4
r11597011,n7888218090,5
r11597011,n7888218089,6
r11597011,n7171384787,7
r11597011,n7888217787,8
r11597011,n7888224385,9
r11597019,n7888223369,1
r11597019,n7876448808,2
r11597019,n7876448807,3
r11597019,n7888223368,4
r11597019,n7888223367,5
r11597019,n7888223366,6
r11597020,n7888223373,1
r11597020,n7888223372,2
r11597020,n7888223371,3
r11597020,n7876448806,4
r11597020,n7888223370,5
r11597122,n7888269187,1
r11597122,n7171370582,2
r11597122,n7170470247,3
r11597122,n7888269186,4
r11597136,n7888285085,1
r11597136,n7170470252,2
r11597136,n7888284985,3
r11597167,n7170470249,1
r11597167,n7171370582,2
r11597167,n7170470247,3
r11597167,n7888269186,4
r11597168,n7888321685,1
r11597168,n7170470252,2
r11597168,n7077860789,3
r11597168,n7888312787,4
r11597168,n7170470251,5
r11597168,n7888315788,6
r11597199,n7888340986,1
r11597199,n7888341085,2
r11597199,n7078209306,3
r11597199,n6903097498,4
r11597199,n6903097497,5
r11597199,n7884635587,6
r11597199,n7884632289,7
r11597200,n7888341685,1
r11597200,n7077860792,2
r11597200,n7077860791,3
r11597200,n7888340985,4
r11597200,n7888341087,5
r11597200,n7888341086,6
r11597200,n7888341285,7
r11597200,n7888341185,8
r11597454,n7888460986,1
r11597454,n6903268822,2
r11597454,n7888460985,3
r11597454,n6903296479,4
r11597454,n6903296477,5
r11597454,n6903374201,6
r11597454,n6903268821,7
r11597454,n6903296476,8
r11597454,n7884635587,9
r11597454,n7884632289,10
r11597455,n7888461185,1
r11597455,n6903504058,2
r11597455,n6903504060,3
r11597455,n7077935896,4
r11597455,n7077935895,5
r11597455,n7888460988,6
r11597455,n7888461085,7
r11600232,n7888218088,1
r11600232,n6903097499,2
r11600232,n7891134485,3
r11600232,n7170470247,4
r11600232,n7888269186,5
r11600233,n7891132286,1
r11600233,n7891134586,2
r11600233,n7891134585,3
r11600233,n6903097500,4
r11600233,n7171384788,5
r11600233,n7171384787,6
r11600233,n7888217787,7
r11600233,n7888224385,8
r11600297,n7891177185,1
r11600297,n7891172191,2
r11600297,n7171335587,3
r11600297,n7077917683,4
r11600297,n6903504059,5
r11600297,n6903406998,6
r11600297,n6903406997,7
r11600298,n7891177186,1
r11600298,n7077935896,2
r11600298,n7077935895,3
r11600298,n7888460988,4
r11600298,n7888461085,5
r11600480,n7884640186,1
r11600480,n6903268822,2
r11600480,n7888460985,3
r11600480,n6903296479,4
r11600480,n6903296477,5
r11600481,n6903296478,1
r11600481,n6903296482,2
r11600481,n7884635588,3
r11600481,n6903296481,4
r11600481,n6903296480,5
r11600481,n7884635486,6
r11600819,n7891432685,1
r11600819,n7884491886,2
r11600819,n6899241574,3
r11600819,n6899241573,4
r11600819,n7869930987,5
r11600995,n7891527385,1
r11600995,n6903374200,2
r11600995,n6903374202,3
r11600995,n7891523888,4
r11600995,n7891521788,5
r11600995,n7891521787,6
r11600995,n7891527286,7
r11600995,n6902868227,8
r11600995,n6902868228,9
r11600995,n6902868229,10
r11600995,n7891527285,11
r11600995,n6902868231,12
r11600995,n7891523887,13
r11600995,n6902868232,14
r11600995,n6902868233,15
r11600995,n6902868243,16
r11600995,n6902868234,17
r11600995,n6902868235,18
r11600995,n6902868236,19
r11600995,n6902868242,20
r11600995,n6902868241,21
r11600995,n6902868237,22
r11600995,n6902868240,23
r11600995,n6902868238,24
r11600995,n6902868239,25
r11600995,n7076873473,26
r11600995,n6899264971,27
r11600996,n6899241577,1
r11600996,n6902639011,2
r11600996,n6902639010,3
r11600996,n6902638994,4
r11600996,n6902639009,5
r11600996,n6902639008,6
r11600996,n6902639007,7
r11600996,n6902639006,8
r11600996,n6902639005,9
r11600996,n6902638993,10
r11600996,n6902639004,11
r11600996,n7891521786,12
r11600996,n6902639003,13
r11600996,n6902639002,14
r11600996,n6902639001,15
r11600996,n6902639000,16
r11600996,n6902638999,17
r11600996,n6902638998,18
r11600996,n6902638997,19
r11600996,n6902638992,20
r11600996,n6902638991,21
r11600996,n6902638990,22
r11600996,n6902638996,23
r11600996,n7171335585,24
r11600996,n6902638989,25
r11600996,n6902638988,26
r11600996,n6902638995,27
r11604245,n7171335591,1
r11604245,n7171335590,2
r11604245,n7171335589,3
r11604245,n7077935887,4
r11604245,n7077935886,5
r11604245,n7171335588,6
r11604245,n7891177185,7
r11604245,n7894268185,8
r11604245,n7891172191,9
r11604245,n7171335587,10
r11604245,n7077917683,11
r11604245,n6903504059,12
r11604245,n6903406998,13
r11604245,n6903406997,14
r11604246,n7894269885,1
r11604246,n7888460988,2
r11604246,n7888461085,3
r11604246,n7077935894,4
r11604246,n7077935893,5
r11604246,n7894269785,6
r11604246,n7077935892,7
r11604246,n7077935891,8
r11604246,n7077935890,9
r11604246,n7077935889,10
r11604246,n7077935888,11
r11604246,n7171335595,12
r11604246,n7894268186,13
r11604246,n7171335594,14
r11604246,n7894269685,15
r11604246,n7171335593,16
r11619623,n7855287160,1
r11619623,n7855287159,2
r11619623,n7855287158,3
r11619623,n7855287157,4
r11619623,n7855330735,5
r11619623,n7855330734,6
r11619623,n7855330733,7
r11619623,n7855330732,8
r11619624,n7855330730,1
r11619624,n7855330728,2
r11619624,n7855330729,3
r11619624,n7855287161,4
r11619624,n7855287162,5
r11619624,n7055596709,6
r11619624,n7855287164,7
r11619656,n7843928085,1
r11619656,n7888087745,2
r11619656,n7055596712,3
r11619656,n7055596711,4
r11619656,n7855330735,5
r11619656,n7855330734,6
r11619656,n7855330733,7
r11619656,n7855330732,8
r11619657,n7855330730,1
r11619657,n7855330728,2
r11619657,n7855330729,3
r11619657,n7855287156,4
r11619657,n7888087746,5
r11619657,n7083218808,6
r11619657,n7083218807,7
r11619657,n7083218806,8
r11619657,n7083218805,9
r11619657,n7843928185,10
r11619702,n7855330730,1
r11619702,n7082416541,2
r11619702,n7082416540,3
r11619702,n7878395785,4
r11619702,n7888223369,5
r11619702,n7876448808,6
r11619702,n7876448807,7
r11619703,n7876448806,1
r11619703,n7876448805,2
r11619703,n7888129900,3
r11619703,n7844053286,4
r11619703,n7878542186,5
r11619703,n7082416538,6
r11619703,n7873450885,7
r11619703,n7878348885,8
r11619703,n7855330734,9
r11619703,n7855330733,10
r11619703,n7855330732,11
r11619875,n7902826916,1
r11619875,n7902826915,2
r11619875,n7902826914,3
r11619875,n7902826913,4
r11619875,n7902826912,5
r11619875,n7902826905,6
r11619875,n7902826904,7
r11619875,n7902826903,8
r11619875,n7902826902,9
r11619875,n7902826901,10
r11619875,n7902826900,11
r11619875,n7076873478,12
r11619875,n7902826899,13
r11619875,n7902826898,14
r11619875,n7902826897,15
r11619875,n7884438897,16
r11619875,n7902826896,17
r11619875,n7884438895,18
r11619875,n7884438893,19
r11619876,n7057928794,1
r11619876,n7076873482,2
r11619876,n7902826930,3
r11619876,n7902826929,4
r11619876,n7902826928,5
r11619876,n7902826927,6
r11619876,n7902826926,7
r11619876,n7902826925,8
r11619876,n7902826924,9
r11619876,n7902826923,10
r11619876,n7902826922,11
r11619876,n7902826921,12
r11619876,n7902826920,13
r11619876,n7902826919,14
r11619876,n7902826918,15
r11619876,n7902826917,16
r11619937,n7052366509,1
r11619937,n7873450686,2
r11619937,n7055596703,3
r11619937,n7876632885,4
r11619937,n7902877638,5
r11619938,n7888148152,1
r11619938,n7052366522,2
r11619938,n7052366519,3
r11619938,n7873450786,4
r11619938,n7055596710,5
r11619938,n7844054485,6
r11619998,n7056730266,1
r11619998,n7902959148,2
r11619998,n7085185967,3
r11619998,n7056730281,4
r11619998,n7056730280,5
r11619998,n7054917924,6
r11619998,n7054787076,7
r11619998,n7054917923,8
r11619998,n7054917922,9
r11619998,n7071584258,10
r11619998,n7902959147,11
r11619999,n7902959151,1
r11619999,n7054917915,2
r11619999,n7054787059,3
r11619999,n7054787057,4
r11619999,n7902959150,5
r11619999,n7056730273,6
r11619999,n7084943054,7
r11619999,n7078451672,8
r11619999,n7084943053,9
r11619999,n7078451670,10
r11619999,n7084943051,11
r11619999,n7078451669,12
r11619999,n7055696181,13
r11619999,n7055696180,14
r11619999,n7055696179,15
r11619999,n7902959149,16
r11619999,n7055696178,17
r11619999,n7085152209,18
r11619999,n7055696176,19
r11619999,n7056730268,20
r11619999,n7056730267,21
r11619999,n7056730266,22
r11620020,n7055717196,1
r11620020,n7078451681,2
r11620020,n7902973081,3
r11620020,n7078451680,4
r11620020,n7902973080,5
r11620020,n7902973079,6
r11620020,n7085185967,7
r11620020,n7902973078,8
r11620020,n7056730281,9
r11620020,n7056730280,10
r11620020,n7054917924,11
r11620020,n7054787076,12
r11620020,n7054917923,13
r11620020,n7054917922,14
r11620020,n7071584258,15
r11620020,n7902959147,16
r11620021,n7902959151,1
r11620021,n7902959150,2
r11620021,n7056730273,3
r11620021,n7084943055,4
r11620021,n7084943054,5
r11620021,n7084943053,6
r11620021,n7078451670,7
r11620021,n7084943052,8
r11620021,n7055696182,9
r11620021,n7055696181,10
r11620021,n7055696178,11
r11620021,n7055696176,12
r11620049,n7903002102,1
r11620049,n7903002100,2
r11620049,n7903002099,3
r11620049,n7884438897,4
r11620049,n7884438895,5
r11620049,n7884438894,6
r11620049,n7843927987,7
r11620050,n7843927985,1
r11620050,n7884545388,2
r11620050,n7076942289,3
r11620050,n7057912884,4
r11620884,n7903535330,1
r11620884,n7903535329,2
r11620884,n7903535328,3
r11620884,n7903535327,4
r11620885,n7903535336,1
r11620885,n7903535335,2
r11620885,n7903535334,3
r11620885,n7903535333,4
r11620885,n7903535332,5
r11620885,n7903535331,6
r11620903,n7071584264,1
r11620903,n7903583521,2
r11620903,n7055147055,3
r11620903,n7903583520,4
r11620903,n7054917924,5
r11620903,n7054787076,6
r11620903,n7054917923,7
r11620903,n7054917922,8
r11620903,n7071584257,9
r11620903,n7902959147,10
r11620904,n7902959151,1
r11620904,n7054787058,2
r11620904,n7054787057,3
r11620904,n7076835393,4
r11620904,n7054787056,5
r11620904,n7054787054,6
r11620904,n7054787051,7
r11620904,n7055147057,8
r11620904,n7071584250,9
r11702223,n7966220400,1
r11702223,n7966220399,2
r11702223,n7966220398,3
r11702223,n7966220397,4
r11702223,n7966220396,5
r11702223,n7966220395,6
r11702223,n7966220394,7
r11702224,n7966220403,1
r11702224,n7966220402,2
r11702224,n7966220401,3
r11702276,n7966266331,1
r11702276,n7966220400,2
r11702276,n7966220399,3
r11702276,n7966220397,4
r11702276,n7966266330,5
r11702276,n7966220394,6
r11702277,n7966220403,1
r11702277,n7966266334,2
r11702277,n7966220402,3
r11702277,n7966220401,4
r11702277,n7966266333,5
r11702277,n7966266332,6
r11702374,n7966345986,1
r11702374,n7066312426,2
r11702374,n7966345985,3
r11702374,n7066312424,4
r11702374,n7066312423,5
r11702374,n7066312422,6
r11702374,n7066312420,7
r11702374,n7884545388,8
r11702375,n7884545388,1
r11702375,n7066312418,2
r11702375,n7966345988,3
r11702375,n7966345987,4
r11702375,n7066312416,5
r11702375,n7066312415,6
r11702375,n7066312413,7
r11702375,n7966346085,8
r11702379,n7966272063,1
r11702379,n7966272062,2
r11702379,n7881639186,3
r11702379,n7866306386,4
r11702380,n7966272067,1
r11702380,n7966272066,2
r11702380,n7966272065,3
r11702380,n7966272064,4
r11702590,n6938343085,1
r11702590,n7066057010,2
r11702590,n7066057009,3
r11702590,n7066057008,4
r11702590,n7066057007,5
r11702590,n7170486854,6
r11702590,n7066057005,7
r11702590,n7066312426,8
r11702590,n7966538189,9
r11702590,n7066312425,10
r11702590,n7966345985,11
r11702590,n7066312424,12
r11702590,n7066312423,13
r11702590,n7066312422,14
r11702590,n7066312421,15
r11702590,n7066312420,16
r11702590,n7966560585,17
r11702590,n7884545388,18
r11702591,n7884545388,1
r11702591,n7066312415,2
r11702591,n7066312414,3
r11702591,n7966346085,4
r11702591,n7066312411,5
r11702591,n7066312409,6
r11702591,n7066312410,7
r11702591,n7170486852,8
r11702591,n7170486851,9
r11702591,n7966538190,10
r11702770,n7171335591,1
r11702770,n7966666988,2
r11702770,n7077935887,3
r11702770,n7077935886,4
r11702770,n7966688490,5
r11702770,n7171335588,6
r11702770,n7966688694,7
r11702770,n7891177185,8
r11702770,n7894268185,9
r11702770,n7891172191,10
r11702770,n7171335587,11
r11702770,n7966688489,12
r11702770,n6903406998,13
r11702770,n6903406997,14
r11702770,n6902638991,15
r11702770,n6902638996,16
r11702770,n6902638995,17
r11702771,n7884719686,1
r11702771,n7077935892,2
r11702771,n7966666992,3
r11702771,n7077935888,4
r11702771,n7077935890,5
r11702771,n7077935891,6
r11702771,n7894269685,7
r11702771,n7966701585,8
r11702771,n7966666991,9
r11702771,n7966666990,10
r11702771,n7171335593,11
r11702872,n7966780488,1
r11702872,n7966786785,2
r11702872,n7966786685,3
r11702872,n7966767631,4
r11702872,n7966767630,5
r11702872,n7966780701,6
r11702873,n7966780489,1
r11702873,n7966781186,2
r11702873,n7966780597,3
r11702873,n7966767635,4
r11702873,n7966767634,5
r11702873,n7966767633,6
r11702873,n7966767632,7
r11702963,n7082416539,1
r11702963,n7873450885,2
r11702963,n7082416537,3
r11702963,n7876023213,4
r11702963,n7844053285,5
r11702963,n7876023212,6
r11702963,n7054787063,7
r11702963,n7076942291,8
r11702963,n7966877485,9
r11702964,n7966877785,1
r11702964,n7052366519,2
r11702964,n7876023218,3
r11702964,n7052366513,4
r11702964,n7966865688,5
r11703069,n7057276359,1
r11703069,n7966993885,2
r11703070,n7966994285,1
r11703070,n7966994385,2
r11703074,n7966968958,1
r11703074,n7966968957,2
r11703075,n7966968964,1
r11703075,n7966968963,2
r11703075,n7966968962,3
r11703075,n7966968961,4
r11703075,n7966968960,5
r11703075,n7966968959,6
r11703111,n7967051298,1
r11703111,n7967051297,2
r11703111,n7967051296,3
r11703112,n7967051302,1
r11703112,n7967051301,2
r11703112,n7967051300,3
r11703112,n7967051299,4
r11703126,n7967074791,1
r11703126,n7055596719,2
r11703126,n7084919714,3
r11703126,n7083218815,4
r11703126,n7967074790,5
r11703126,n7967074789,6
r11703126,n7967074987,7
r11703126,n7967074788,8
r11703126,n7967074787,9
r11703126,n7888223371,10
r11703126,n7967074786,11
r11703127,n7967074887,1
r11703127,n7967074794,2
r11703127,n7967074886,3
r11703127,n7888223367,4
r11703127,n7967075485,5
r11703127,n7967074792,6
r11703127,n7083218793,7
r11703127,n7083218792,8
r11703127,n7083218791,9
r11703127,n7083218790,10
r11703127,n7967074793,11
r11703127,n7967074988,12
r11703169,n7967102345,1
r11703169,n7967102344,2
r11703169,n7967102343,3
r11703169,n7967102342,4
r11703170,n7967102360,1
r11703170,n7967102350,2
r11703170,n7967102349,3
r11703170,n7967102348,4
r11703170,n7967102347,5
r11703170,n7967102346,6
r11703221,n7967112830,1
r11703221,n7967102344,2
r11703221,n7967102343,3
r11703221,n7967112829,4
r11703221,n7967112828,5
r11703221,n7967112827,6
r11703221,n7967102342,7
r11703222,n7967102360,1
r11703222,n7967112836,2
r11703222,n7967112835,3
r11703222,n7967112834,4
r11703222,n7967112833,5
r11703222,n7967112832,6
r11703222,n7967112831,7
r11703222,n7967112830,8
r11703302,n7967175249,1
r11703302,n7967102346,2
r11703302,n7967102344,3
r11703302,n7967102343,4
r11703302,n7967112829,5
r11703302,n7967112828,6
r11703302,n7967112827,7
r11703302,n7967102342,8
r11703303,n7967102360,1
r11703303,n7967175249,2
r11758496,n7076835395,1
r11758496,n7884683661,2
r11758496,n7884683659,3
r11758496,n7055147058,4
r11758496,n7054787058,5
r11758496,n7054787057,6
r11758496,n7054787055,7
r11758496,n7054787054,8
r11758496,n7054787053,9
r11758496,n7054787051,10
r11758496,n7071584251,11
r11758496,n7055147057,12
r11758496,n6910755171,13
r11758496,n7071584250,14
r11758497,n7071584264,1
r11758497,n7084943041,2
r11758497,n7876057941,3
r11758497,n7054787080,4
r11758497,n7054787079,5
r11758497,n7903583521,6
r11758497,n7055147055,7
r11758497,n7054787077,8
r11758497,n7903583520,9
r11758497,n7071584263,10
r11758497,n7054917924,11
r11758497,n7054787076,12
r11758497,n7071584260,13
r11758497,n7056730279,14
r11758497,n7054917922,15
r11758497,n7071584258,16
r11758497,n7902959147,17
r11758497,n7071584256,18
r11758497,n7055147054,19
r11758497,n7054787072,20
r11758497,n7054787071,21
r11758497,n7054787070,22
r11758554,n7055717195,1
r11758554,n7055717194,2
r11758554,n7055717193,3
r11758554,n7055717192,4
r11758554,n7082468464,5
r11758554,n7082468463,6
r11758554,n7055717191,7
r11758554,n7076873475,8
r11758554,n8010519327,9
r11758554,n7055717188,10
r11758554,n7057928786,11
r11758554,n7055717187,12
r11758554,n7082468461,13
r11758554,n7052366503,14
r11758554,n7052366502,15
r11758554,n7055596701,16
r11758554,n7052366501,17
r11758554,n7055147061,18
r11758555,n7055147061,1
r11758555,n8010519328,2
r11758555,n7076942289,3
r11758555,n7076942288,4
r11758555,n7076942287,5
r11758555,n7076942286,6
r11758555,n7085152210,7
r11758555,n7082486685,8
r11758555,n7082468484,9
r11758555,n7082468483,10
r11758555,n7082468482,11
r11758555,n7082468481,12
r11758555,n7082468480,13
r11758555,n7082468478,14
r11758555,n7082468476,15
r11758555,n7082468475,16
r11758555,n7082468474,17
r11758555,n7082468472,18
r13411242,n9229653494,1
r13411242,n7082468462,2
r13411242,n7056274250,3
r13411242,n9229653488,4
r13411243,n9229653487,1
r13411243,n9229653483,2
r13411243,n9229653484,3
r13411243,n9229653485,4
r13411243,n9229653486,5
r13421217,n9237456494,1
r13421217,n9237456493,2
r13421217,n9237456492,3
r13421217,n9237456491,4
r13421217,n9237456490,5
r13421217,n7170470250,6
r13421218,n9237456496,1
r13421218,n9237456495,2
r13421391,n7888269187,1
r13421391,n9237613500,2
r13421391,n7891134586,3
r13421391,n7891134585,4
r13421391,n9237613501,5
r13421391,n7078209306,6
r13421391,n6903097498,7
r13421391,n6903097497,8
r13421392,n9237613506,1
r13421392,n9237613505,2
r13421392,n9237613504,3
r13421392,n9237613503,4
r13421392,n7888284985,5
r13423260,n7170470250,1
r13423260,n7171370582,2
r13423260,n7888269186,3
r13423261,n6903097497,1
r13423261,n9237613504,2
r13423261,n7077860789,3
r13423261,n7888312787,4
r13423261,n7170470251,5
r13423261,n9238976231,6
r13423301,n9239014077,1
r13423301,n7077917683,2
r13423301,n6903504059,3
r13423301,n6926746758,4
r13423301,n9239014076,5
r13423301,n6903406997,6
r13423301,n6902638992,7
r13423301,n6902638991,8
r13423301,n6902638990,9
r13423301,n7171335585,10
r13423301,n6902638989,11
r13423301,n9239014075,12
r13423302,n7888461185,1
r13423302,n9239014080,2
r13423302,n6903504060,3
r13423302,n9239014079,4
r13423302,n7077935896,5
r13438122,n9250076884,1
r13438122,n7966345986,2
r13438122,n7066312426,3
r13438122,n7966538189,4
r13438122,n9250076882,5
r13438122,n7066312424,6
r13438122,n7066312423,7
r13438122,n7066312422,8
r13438122,n9250076881,9
r13438122,n7066312421,10
r13438122,n7066312420,11
r13438122,n7079601691,12
r13438122,n7055147054,13
r13438122,n7079601690,14
r13438122,n9229594145,15
r13438122,n7052366503,16
r13438122,n7052366502,17
r13438122,n7055596701,18
r13438122,n7052366501,19
r13438122,n7055147061,20
r13438123,n9250076888,1
r13438123,n7056562845,2
r13438123,n6899241576,3
r13438123,n7056562844,4
r13438123,n6899241575,5
r13438123,n7056562843,6
r13438123,n7056562842,7
r13438123,n6899241574,8
r13438123,n7056562841,9
r13438123,n6903525066,10
r13438123,n7077860793,11
r13438123,n7066312427,12
r13438123,n6903602208,13
r13438123,n6903602209,14
r13438123,n6903602210,15
r13438123,n6903525063,16
r13438123,n6903525062,17
r13438123,n6903602211,18
r13438123,n6903525055,19
r13438123,n6903525061,20
r13438123,n6938343085,21
r13438123,n6903525060,22
r13438123,n6903602212,23
r13438123,n9250076885,24
r13438123,n7078020144,25
r13438311,n9250161449,1
r13438311,n9250161448,2
r13438311,n7076873477,3
r13438311,n7902826899,4
r13438311,n7055717191,5
r13438311,n7076873476,6
r13438311,n7076873475,7
r13438311,n7055717190,8
r13438311,n7055717189,9
r13438311,n7055717188,10
r13438311,n7057928786,11
r13438311,n7055717187,12
r13438311,n7076873474,13
r13438311,n7079601692,14
r13438311,n7082468462,15
r13438311,n7082468461,16
r13438311,n7079601691,17
r13438311,n7055147054,18
r13438311,n7079601690,19
r13438311,n9229594145,20
r13438311,n7052366503,21
r13438311,n7052366502,22
r13438311,n7055596701,23
r13438311,n7052366501,24
r13438311,n7055147061,25
r13438312,n7055147061,1
r13438312,n7076942291,2
r13438312,n7076942288,3
r13438312,n7076942287,4
r13438312,n7076873479,5
r13438312,n7082486686,6
r13438312,n7085152210,7
r13438312,n7082486685,8
r13438312,n9250161452,9
r13438312,n7076873484,10
r13438312,n7076873480,11
r13438312,n9250161451,12
r13438312,n9250161450,13
